Site,City,ju18_1,ju18_2,ju18_3,ju18_4,oc18_1,oc18_2,oc18_3,oc18_4,ja19_1,ja19_2,ja19_3,ja19_4,ap19_1,ap19_2,ap19_3,ap19_4,ju19_1,ju19_2,ju19_3,ju19_4,oc19_1,oc19_2,oc19_3,oc19_4,ja20_1,ja20_2,ja20_3,ja20_4,ap20_1,ap20_2,ap20_3,ap20_4,ju20_1,ju20_2,ju20_3,ju20_4
C01-EML,autx,0,1,1,0,0,1,1,0,NA,NA,NA,NA,NA,NA,NA,NA,NA,NA,NA,NA,NA,NA,NA,NA,NA,NA,NA,NA,NA,NA,NA,NA,NA,NA,NA,NA
C01-WBP,autx,0,0,0,0,0,0,0,0,NA,NA,NA,NA,NA,NA,NA,NA,0,0,0,0,0,0,0,0,1,0,NA,NA,NA,NA,NA,NA,NA,0,0,0
C02-BOG,autx,0,0,0,0,NA,NA,NA,NA,NA,NA,NA,NA,NA,NA,NA,NA,NA,NA,NA,NA,NA,NA,NA,NA,0,1,0,NA,NA,NA,NA,NA,NA,NA,NA,NA
C02-PEA,autx,NA,NA,NA,NA,NA,NA,NA,NA,NA,NA,NA,NA,NA,NA,NA,NA,NA,NA,NA,NA,NA,NA,NA,NA,NA,NA,NA,NA,1,1,1,1,NA,NA,NA,NA
C02-ZIL,autx,NA,NA,NA,NA,NA,NA,NA,NA,NA,NA,NA,NA,NA,NA,NA,NA,NA,NA,NA,NA,NA,NA,NA,NA,NA,NA,NA,NA,NA,NA,NA,NA,NA,NA,0,0
C03-MON,autx,0,0,1,0,1,1,1,1,1,0,1,1,NA,NA,NA,NA,NA,NA,1,1,1,1,1,1,NA,NA,NA,NA,NA,NA,NA,NA,0,0,1,0
C03-ONI,autx,NA,NA,NA,NA,NA,NA,NA,NA,NA,NA,NA,NA,NA,NA,NA,NA,NA,NA,NA,NA,NA,NA,NA,NA,NA,NA,NA,NA,0,0,0,0,0,0,0,0
H02-BLU,autx,1,1,1,1,NA,NA,NA,NA,NA,NA,NA,NA,NA,NA,NA,NA,NA,NA,NA,NA,NA,NA,NA,NA,1,1,1,0,NA,NA,NA,NA,NA,NA,NA,NA
WL10-HIG,autx,NA,NA,NA,NA,NA,NA,NA,NA,NA,NA,NA,NA,NA,NA,NA,NA,1,0,0,1,1,1,0,0,1,1,1,1,NA,NA,NA,NA,NA,NA,NA,NA
WL1-DEL,autx,0,1,1,0,1,1,1,1,1,1,1,1,1,1,1,1,0,1,1,1,1,1,1,1,1,1,1,1,NA,NA,NA,NA,NA,NA,NA,NA
WL4-UTA,autx,0,0,0,0,1,1,1,1,1,1,1,1,1,1,1,1,1,1,0,0,1,1,1,1,1,1,1,1,NA,NA,NA,NA,NA,NA,NA,NA
WL8-WRI,autx,0,0,0,0,1,1,1,1,1,1,1,1,1,0,0,0,1,1,0,0,1,1,1,1,0,0,0,0,NA,NA,NA,NA,NA,NA,NA,NA
WL9-REI,autx,0,0,0,0,0,0,0,1,0,0,NA,NA,0,0,0,1,0,NA,NA,NA,0,1,1,0,1,0,0,0,NA,NA,NA,NA,NA,NA,NA,NA
BCG,autx,NA,NA,NA,NA,NA,NA,NA,NA,NA,NA,NA,NA,NA,NA,NA,NA,NA,NA,NA,NA,NA,NA,NA,NA,NA,NA,NA,NA,NA,NA,NA,NA,NA,NA,0,0
BRDP,autx,0,0,0,0,NA,NA,NA,NA,NA,NA,NA,NA,NA,NA,NA,NA,NA,NA,NA,NA,NA,NA,NA,NA,0,0,0,0,0,0,0,0,NA,NA,NA,NA
BRP,autx,NA,0,0,0,NA,NA,NA,NA,NA,NA,NA,NA,NA,NA,NA,NA,NA,NA,NA,NA,NA,NA,NA,NA,NA,NA,NA,NA,NA,NA,NA,NA,NA,NA,NA,NA
CF,autx,NA,NA,NA,NA,NA,NA,NA,NA,NA,NA,NA,NA,NA,NA,NA,NA,NA,NA,NA,NA,NA,NA,NA,NA,NA,1,1,1,1,1,1,1,NA,NA,NA,NA
CRWS,autx,NA,0,0,1,NA,NA,NA,NA,NA,NA,NA,NA,NA,NA,NA,NA,NA,NA,NA,NA,NA,NA,NA,NA,NA,NA,NA,NA,0,0,NA,NA,0,0,0,0
DNP,autx,1,1,0,1,1,1,1,1,1,1,1,1,1,1,1,1,NA,NA,NA,1,1,1,1,1,1,1,1,1,NA,NA,NA,NA,NA,NA,NA,NA
GVP,autx,0,1,1,1,NA,NA,NA,NA,NA,NA,NA,NA,NA,NA,NA,NA,NA,NA,NA,NA,NA,NA,NA,NA,0,1,1,1,NA,NA,NA,NA,NA,NA,NA,NA
MFBCP,autx,1,0,1,1,1,1,1,1,1,1,1,1,NA,NA,NA,NA,NA,NA,1,1,1,1,1,1,NA,NA,NA,NA,1,1,1,1,1,1,1,1
SONP,autx,0,0,0,0,NA,NA,NA,NA,NA,NA,NA,NA,NA,NA,NA,NA,NA,NA,NA,NA,NA,NA,NA,NA,NA,NA,NA,NA,NA,NA,NA,NA,NA,NA,NA,NA
TNP,autx,1,NA,NA,NA,1,1,1,1,NA,NA,NA,NA,NA,NA,1,1,1,0,0,1,NA,NA,NA,NA,NA,NA,NA,NA,NA,NA,NA,NA,NA,NA,NA,NA
WBCG,autx,0,0,0,0,NA,NA,NA,NA,NA,NA,NA,NA,NA,NA,NA,NA,NA,NA,NA,NA,NA,NA,NA,NA,NA,NA,NA,NA,NA,NA,NA,NA,NA,NA,NA,NA
Berg,autx,0,0,0,0,NA,NA,NA,NA,NA,NA,NA,NA,NA,NA,NA,NA,NA,NA,NA,NA,NA,NA,NA,NA,NA,NA,NA,NA,NA,NA,NA,NA,NA,NA,NA,NA
OSA,autx,NA,NA,NA,NA,NA,NA,NA,NA,0,0,0,0,0,0,0,0,0,0,0,0,NA,NA,NA,NA,0,0,0,0,0,0,0,0,0,0,0,0
C04-MBP1,chil,NA,NA,NA,NA,NA,NA,NA,NA,NA,NA,NA,NA,0,0,0,0,0,0,0,0,0,0,0,0,0,0,0,0,0,0,0,1,0,0,0,0
C05-BMP1,chil,NA,NA,NA,NA,NA,NA,NA,NA,NA,NA,NA,NA,0,0,0,0,0,0,0,0,0,0,0,0,0,0,0,NA,0,0,0,0,0,0,0,0
C05-BMP2,chil,NA,NA,NA,NA,NA,NA,NA,NA,NA,NA,NA,NA,0,0,0,0,0,0,0,0,NA,NA,NA,NA,0,0,0,NA,0,0,0,1,0,0,0,0
C05-SPA1,chil,NA,NA,NA,NA,NA,NA,NA,NA,NA,NA,NA,NA,NA,NA,NA,NA,NA,NA,NA,NA,NA,NA,NA,NA,NA,NA,NA,NA,0,0,0,0,0,0,0,0
C06-HMP1,chil,NA,NA,NA,NA,NA,NA,NA,NA,NA,NA,NA,NA,0,0,0,0,0,0,0,0,NA,NA,0,0,0,0,0,0,0,0,0,0,0,0,0,0
D02-BMT1,chil,0,0,0,0,NA,NA,NA,NA,NA,0,NA,0,0,NA,NA,NA,0,0,0,0,1,0,1,1,0,0,0,NA,NA,NA,NA,NA,1,1,1,1
D02-HUP0,chil,1,0,1,1,NA,NA,NA,NA,0,0,0,NA,0,0,NA,NA,0,0,0,0,NA,NA,NA,NA,0,0,0,0,NA,NA,NA,NA,0,0,0,0
D02-JBS1,chil,NA,0,0,0,NA,NA,NA,NA,NA,0,0,NA,NA,NA,NA,NA,0,0,0,0,0,0,0,1,NA,NA,0,1,NA,NA,NA,NA,NA,NA,NA,NA
D02-MOP1,chil,0,0,0,0,NA,NA,NA,NA,0,0,0,NA,0,0,NA,NA,0,0,0,0,0,0,0,0,0,0,0,0,NA,NA,NA,NA,0,0,0,0
D02-RCP1,chil,0,0,0,NA,NA,NA,NA,NA,0,0,0,1,0,0,0,0,0,0,0,0,0,0,1,0,0,0,0,1,NA,NA,NA,NA,0,0,0,0
D02-SCP1,chil,0,0,0,0,NA,NA,NA,NA,1,0,0,NA,1,1,1,1,0,1,0,NA,NA,NA,NA,NA,1,0,1,1,NA,NA,NA,NA,0,0,0,0
D03-AFP1,chil,0,0,0,0,NA,NA,NA,NA,0,0,0,0,0,0,0,0,0,0,0,0,0,0,0,0,0,0,0,0,NA,NA,NA,NA,0,0,NA,NA
D03-AMP1,chil,0,0,0,0,NA,NA,NA,NA,0,0,0,0,0,0,0,0,0,0,0,NA,0,0,0,0,0,0,0,0,NA,NA,NA,NA,NA,NA,NA,NA
D03-CHP1,chil,0,0,0,0,NA,NA,NA,NA,0,0,0,0,0,0,0,0,NA,NA,NA,NA,0,0,0,0,NA,NA,NA,NA,NA,NA,NA,NA,NA,NA,NA,NA
D03-GOM1,chil,0,0,0,0,NA,NA,NA,NA,0,0,1,1,0,0,0,0,0,0,0,0,0,0,0,0,0,NA,0,0,NA,NA,NA,NA,0,0,0,0
D03-NPV1,chil,0,0,0,0,NA,NA,NA,NA,0,0,0,NA,0,0,0,0,0,0,1,1,0,0,0,0,0,NA,0,0,NA,NA,NA,NA,0,0,0,0
D03-STB1,chil,0,0,0,0,NA,NA,NA,NA,0,0,0,0,0,0,0,1,0,0,0,NA,0,0,0,0,NA,0,0,0,NA,NA,NA,NA,0,0,0,0
D04-DNP1,chil,0,0,0,1,NA,NA,NA,NA,0,0,0,0,0,0,NA,NA,0,0,0,0,0,0,1,1,0,0,0,0,NA,NA,NA,NA,0,0,0,0
D04-EDW0,chil,0,0,0,1,NA,NA,NA,NA,0,0,0,0,0,0,0,0,0,0,0,0,NA,NA,NA,NA,0,0,0,0,NA,NA,NA,NA,0,0,0,0
D04-RDP1,chil,0,0,0,0,NA,NA,NA,NA,0,0,0,NA,0,0,0,0,0,0,0,0,0,0,0,0,NA,0,0,0,NA,NA,NA,NA,0,0,NA,NA
D04-ROS0,chil,0,0,0,0,NA,NA,NA,NA,0,0,0,0,0,0,0,0,NA,0,0,0,0,0,0,0,1,0,1,1,NA,NA,NA,NA,1,0,0,0
D05-ADC2,chil,NA,NA,NA,NA,NA,NA,NA,NA,NA,NA,NA,NA,NA,NA,NA,NA,NA,NA,NA,NA,NA,NA,NA,NA,NA,NA,NA,NA,NA,NA,NA,NA,1,0,0,0
D05-BRP1,chil,0,0,0,0,NA,NA,NA,NA,0,0,1,1,0,0,0,0,0,0,0,0,0,0,0,0,NA,NA,NA,NA,NA,NA,NA,NA,0,0,0,0
D05-MIA1,chil,0,0,0,0,NA,NA,NA,NA,0,0,0,0,0,0,0,0,0,0,0,0,0,0,0,0,NA,NA,NA,NA,NA,NA,NA,NA,0,0,0,0
D05-PRC1,chil,0,0,0,0,NA,NA,NA,NA,0,0,0,0,0,0,0,0,0,0,0,0,0,0,0,0,0,1,1,1,NA,NA,NA,NA,0,0,0,0
D06-KCG1,chil,0,0,0,0,NA,NA,NA,NA,0,0,1,0,0,0,0,0,0,0,0,0,0,0,0,0,0,0,1,1,NA,NA,NA,NA,0,0,NA,NA
D07-ASC0,chil,1,0,0,0,NA,NA,NA,NA,NA,NA,NA,NA,0,0,0,1,0,0,0,0,1,1,0,0,0,0,0,0,NA,NA,NA,NA,0,0,0,0
D07-NOC1,chil,0,0,0,0,NA,NA,NA,NA,NA,NA,NA,NA,0,0,0,0,NA,0,0,0,0,0,0,0,0,0,0,0,NA,NA,NA,NA,0,NA,0,0
D08-CCC1,chil,0,0,0,0,NA,NA,NA,NA,0,0,0,0,0,0,0,0,0,0,0,0,0,0,0,0,0,0,0,1,NA,NA,NA,NA,0,0,0,0
D08-DAW0,chil,0,0,0,0,NA,NA,NA,NA,0,0,0,0,0,0,0,0,0,0,0,NA,0,1,0,0,0,0,0,0,NA,NA,NA,NA,0,0,0,0
D08-DAW2,chil,0,0,0,0,NA,NA,NA,NA,0,0,0,0,0,0,0,0,0,0,0,0,0,NA,NA,NA,0,0,1,1,NA,NA,NA,NA,0,0,0,0
D09-CLG0,chil,0,0,0,0,NA,NA,NA,NA,0,0,0,0,0,0,0,0,0,0,0,0,0,0,0,0,NA,NA,NA,NA,NA,NA,NA,NA,0,0,0,0
D09-RYW1,chil,1,1,0,0,NA,NA,NA,NA,0,0,0,0,0,0,0,0,0,0,0,0,0,0,0,0,0,0,0,0,NA,NA,NA,NA,0,0,0,0
D09-VTC1,chil,0,0,0,0,NA,NA,NA,NA,0,0,0,0,0,0,0,0,0,0,0,NA,0,0,0,0,0,0,0,0,NA,NA,NA,NA,0,0,0,0
D10-CAN0,chil,0,0,0,0,NA,NA,NA,NA,NA,NA,0,0,0,0,1,1,0,0,0,NA,1,1,1,1,1,1,1,1,NA,NA,NA,NA,0,1,1,1
D10-MAC1,chil,0,1,0,0,NA,NA,NA,NA,1,NA,0,0,1,1,1,0,0,0,0,NA,0,0,0,0,1,0,1,1,NA,NA,NA,NA,0,0,0,0
D10-VHC1,chil,0,0,0,0,NA,NA,NA,NA,0,0,0,0,0,0,0,0,0,0,0,0,0,0,0,0,0,0,0,0,NA,NA,NA,NA,0,0,0,0
J01-BBS1,chil,0,0,0,0,NA,NA,NA,NA,0,0,0,0,0,0,0,0,0,0,0,0,0,0,0,0,NA,0,0,0,NA,NA,NA,NA,0,0,0,0
J01-LMP1,chil,0,0,0,0,NA,NA,NA,NA,0,0,0,0,0,0,0,0,NA,NA,NA,NA,0,0,0,NA,NA,NA,NA,NA,NA,NA,NA,NA,0,0,0,0
J01-NOR1,chil,NA,NA,NA,NA,NA,NA,NA,NA,0,0,0,0,NA,0,0,NA,0,0,0,0,NA,NA,NA,NA,0,0,0,0,NA,NA,NA,NA,NA,NA,NA,NA
J01-SEP1,chil,0,0,0,0,NA,NA,NA,NA,0,0,0,NA,0,0,0,0,0,0,0,0,0,0,0,0,0,0,0,0,NA,NA,NA,NA,0,0,0,0
J01-SKP1,chil,0,0,0,0,NA,NA,NA,NA,0,0,0,0,1,1,0,0,0,0,0,0,0,1,1,1,0,0,0,NA,NA,NA,NA,NA,0,0,0,0
J01-UIC1,chil,0,0,0,0,NA,NA,NA,NA,0,0,0,0,0,0,0,0,0,0,0,0,0,0,0,0,0,0,0,0,NA,NA,NA,NA,0,0,0,0
R02-DPG1,chil,0,0,0,0,NA,NA,NA,NA,0,0,0,0,0,0,0,0,0,0,0,0,0,0,0,0,0,0,0,0,NA,NA,NA,NA,0,0,0,0
R02-FRP1,chil,0,0,0,0,NA,NA,NA,NA,0,0,0,0,0,0,0,0,0,0,0,0,0,0,0,0,NA,0,0,0,NA,NA,NA,NA,0,0,0,0
R02-HRF1,chil,NA,NA,NA,NA,NA,NA,NA,NA,NA,NA,NA,NA,NA,NA,NA,NA,NA,NA,NA,NA,NA,NA,NA,NA,NA,NA,NA,NA,NA,NA,NA,NA,NA,NA,0,0
R03-AUP1,chil,0,0,0,0,NA,NA,NA,NA,0,0,0,0,0,0,0,0,0,0,0,0,0,1,1,1,0,0,0,0,NA,NA,NA,NA,0,0,0,0
R03-CPG1,chil,0,0,0,0,NA,NA,NA,NA,NA,NA,0,0,1,0,0,0,1,1,0,0,1,1,1,1,NA,0,0,0,NA,NA,NA,NA,0,0,0,0
R03-EUC1,chil,0,0,0,0,NA,NA,NA,NA,0,0,0,0,0,0,1,1,0,0,0,0,0,1,0,NA,0,0,0,0,NA,NA,NA,NA,0,0,NA,NA
R03-MAP1,chil,0,0,0,0,NA,NA,NA,NA,0,0,0,0,0,0,0,1,0,0,0,0,0,0,1,1,NA,0,0,0,NA,NA,NA,NA,0,0,0,0
R04-MMW0,chil,0,0,0,0,NA,NA,NA,NA,0,0,0,0,0,0,0,0,0,0,0,0,0,0,0,1,0,0,1,1,NA,NA,NA,NA,0,0,1,1
R04-MMW3,chil,0,0,1,1,NA,NA,NA,NA,0,0,0,0,1,0,1,1,0,1,0,0,0,0,1,0,1,0,0,0,NA,NA,NA,NA,0,0,0,0
R04-SCH1,chil,0,0,0,0,NA,NA,NA,NA,0,0,0,0,0,0,0,0,0,0,0,0,0,1,0,0,NA,NA,NA,NA,NA,NA,NA,NA,0,0,1,1
R05-FMG1,chil,0,0,0,0,NA,NA,NA,NA,0,0,0,NA,NA,0,0,0,0,0,0,0,NA,1,0,0,1,0,0,0,NA,NA,NA,NA,0,0,0,0
R05-GOC1,chil,1,0,0,0,NA,NA,NA,NA,0,0,0,NA,0,0,0,0,1,1,0,0,NA,NA,NA,NA,1,0,0,1,NA,NA,NA,NA,0,0,0,0
R05-STP1,chil,0,0,0,0,NA,NA,NA,NA,1,0,0,0,0,0,0,0,NA,NA,NA,NA,NA,NA,NA,NA,NA,NA,NA,NA,NA,NA,NA,NA,NA,NA,NA,NA
R06-OTB1,chil,1,1,1,0,NA,NA,NA,NA,0,1,1,NA,0,0,0,0,0,0,1,0,1,0,0,0,NA,NA,NA,NA,NA,NA,NA,NA,0,0,0,0
R06-SLT2,chil,1,0,0,0,NA,NA,NA,NA,0,0,0,0,0,0,1,1,1,1,1,1,1,1,1,1,1,1,0,0,NA,NA,NA,NA,0,0,0,0
R06-YOW1,chil,0,0,0,0,NA,NA,NA,NA,0,0,0,NA,0,0,0,0,0,0,0,0,0,0,0,0,NA,0,0,0,NA,NA,NA,NA,0,0,0,0
R07-FSP1,chil,1,1,1,1,NA,NA,NA,NA,1,1,1,1,NA,NA,NA,NA,1,0,0,0,0,0,0,1,1,0,0,1,NA,NA,NA,NA,0,0,0,0
R07-GOF1,chil,0,0,0,0,NA,NA,NA,NA,0,0,1,1,0,1,1,1,0,0,0,0,0,0,1,1,NA,NA,NA,NA,NA,NA,NA,NA,0,0,0,0
R07-MMP1,chil,1,1,0,0,NA,NA,NA,NA,0,0,0,0,1,0,0,0,0,0,0,NA,0,0,0,0,1,0,0,0,NA,NA,NA,NA,0,0,1,1
R07-YHR1,chil,1,0,0,0,NA,NA,NA,NA,0,0,0,NA,0,0,0,NA,NA,0,0,0,1,1,1,1,1,1,1,1,NA,NA,NA,NA,NA,NA,0,0
R08-DAP1,chil,0,0,0,0,NA,NA,NA,NA,NA,0,0,0,0,0,0,0,0,0,0,0,0,0,0,0,NA,NA,NA,NA,NA,NA,NA,NA,0,0,0,0
R08-PAP1,chil,0,1,0,0,NA,NA,NA,NA,NA,1,0,0,1,1,1,1,0,0,0,0,1,1,0,0,0,0,0,0,NA,NA,NA,NA,NA,NA,0,0
R08-VLG1,chil,0,0,0,0,NA,NA,NA,NA,1,1,1,0,1,1,1,1,NA,NA,NA,NA,1,1,1,1,0,1,1,1,NA,NA,NA,NA,0,0,0,0
R08-WBK1,chil,0,0,1,1,NA,NA,NA,NA,0,0,0,0,0,1,1,1,1,1,0,0,0,0,1,1,NA,NA,NA,NA,NA,NA,NA,NA,0,0,0,0
R09-BLW1,chil,1,1,1,1,NA,NA,NA,NA,1,1,1,0,1,1,1,1,0,0,0,0,1,1,1,1,1,0,1,1,NA,NA,NA,NA,0,0,1,1
R09-CTG0,chil,0,0,0,0,NA,NA,NA,NA,0,0,0,0,1,0,0,1,0,0,0,0,1,1,1,1,1,0,NA,1,NA,NA,NA,NA,0,0,0,0
R09-LIM0,chil,0,0,0,0,NA,NA,NA,NA,0,0,0,0,0,1,1,0,0,0,1,0,0,0,0,0,0,0,1,1,NA,NA,NA,NA,0,0,0,1
R09-SMI1,chil,1,1,0,0,NA,NA,NA,NA,1,0,0,1,1,1,1,1,0,1,0,0,1,1,1,1,1,1,0,1,NA,NA,NA,NA,0,1,1,1
R10-FRM1,chil,0,0,0,0,NA,NA,NA,NA,0,0,0,1,1,1,1,1,1,1,1,1,1,1,1,1,1,1,1,1,NA,NA,NA,NA,0,0,0,0
R10-FRM2,chil,0,0,0,0,NA,NA,NA,NA,1,1,1,1,1,1,1,1,1,0,1,0,1,1,1,1,NA,NA,1,0,NA,NA,NA,NA,0,0,0,0
R10-WCP0,chil,0,0,0,0,NA,NA,NA,NA,NA,NA,NA,NA,0,0,0,0,0,0,0,0,0,1,1,1,NA,NA,NA,NA,NA,NA,NA,NA,0,1,0,0
R10-WDW0,chil,0,0,0,0,NA,NA,NA,NA,0,1,1,0,0,1,0,1,0,0,1,1,1,1,1,1,0,0,0,0,NA,NA,NA,NA,0,0,0,0
S02-BNS1,chil,0,0,NA,NA,NA,NA,NA,NA,0,0,0,NA,0,0,0,0,0,0,0,0,0,0,0,0,0,0,0,0,NA,NA,NA,NA,0,NA,0,0
S02-BRI1,chil,0,0,0,0,NA,NA,NA,NA,0,0,0,0,0,0,0,0,0,0,0,0,0,0,0,0,0,0,0,0,NA,NA,NA,NA,NA,NA,0,0
S02-PIP1,chil,0,0,0,0,NA,NA,NA,NA,0,0,0,0,0,0,0,0,0,0,0,0,0,0,0,NA,0,1,0,0,NA,NA,NA,NA,0,0,0,0
S02-PLP1,chil,NA,NA,NA,NA,NA,NA,NA,NA,0,0,0,0,0,0,0,0,0,NA,0,0,0,0,0,0,0,0,0,0,NA,NA,NA,NA,NA,NA,NA,NA
S02-TNW1,chil,NA,NA,NA,NA,NA,NA,NA,NA,0,0,0,0,NA,NA,NA,NA,0,NA,0,0,0,0,0,0,NA,NA,0,0,NA,NA,NA,NA,0,0,0,0
S03-JKP2,chil,0,0,0,0,NA,NA,NA,NA,0,0,0,0,0,0,0,0,0,0,0,0,0,0,0,NA,NA,0,0,0,NA,NA,NA,NA,0,0,0,0
S03-LCP1,chil,0,0,0,0,NA,NA,NA,NA,NA,NA,NA,NA,0,0,0,0,0,0,0,0,0,0,0,0,NA,NA,NA,NA,NA,NA,NA,NA,0,0,0,0
S03-PSP1,chil,0,0,0,0,NA,NA,NA,NA,0,0,0,0,0,1,0,0,0,0,0,NA,0,0,NA,NA,0,0,0,0,NA,NA,NA,NA,0,0,0,0
S03-VIP1,chil,0,0,0,0,NA,NA,NA,NA,0,0,0,0,NA,NA,NA,NA,0,0,0,NA,0,0,0,0,0,0,0,0,NA,NA,NA,NA,0,0,0,0
S03-WAP1,chil,0,0,NA,NA,NA,NA,NA,NA,0,0,0,0,0,NA,0,NA,0,0,0,0,0,0,0,0,0,0,0,0,NA,NA,NA,NA,0,0,0,0
S04-HAP1,chil,0,0,0,0,NA,NA,NA,NA,0,1,1,1,0,0,0,0,0,0,0,0,0,1,0,0,0,0,0,0,NA,NA,NA,NA,0,0,0,0
S04-OTW1,chil,0,0,0,0,NA,NA,NA,NA,0,0,0,0,0,0,0,0,0,0,0,0,0,0,0,0,0,0,0,0,NA,NA,NA,NA,0,0,0,0
S04-SSP1,chil,0,0,0,0,NA,NA,NA,NA,0,0,0,NA,0,0,0,0,0,0,0,0,0,0,0,0,NA,NA,0,0,NA,NA,NA,NA,0,0,1,1
S05-LNC1,chil,1,0,0,0,NA,NA,NA,NA,0,0,0,0,0,0,0,0,0,0,0,0,0,0,0,0,0,0,0,0,NA,NA,NA,NA,NA,NA,NA,NA
S05-RES1,chil,0,0,0,0,NA,NA,NA,NA,0,0,0,0,0,0,0,0,0,0,0,0,0,0,0,0,0,0,0,0,NA,NA,NA,NA,0,0,0,0
S05-SFP0,chil,0,0,0,0,NA,NA,NA,NA,0,0,0,0,0,0,0,0,0,0,0,0,0,0,0,0,0,0,0,0,NA,NA,NA,NA,0,0,0,0
S06-CBW0,chil,0,0,0,0,NA,NA,NA,NA,NA,NA,NA,NA,0,1,0,0,NA,NA,NA,NA,0,0,1,1,1,1,1,1,NA,NA,NA,NA,0,0,0,0
S07-ARG1,chil,NA,NA,NA,NA,NA,NA,NA,NA,0,0,0,0,0,0,0,0,0,0,0,0,0,1,1,1,0,0,0,1,NA,NA,NA,NA,0,1,1,1
S07-ARG2,chil,0,0,1,1,NA,NA,NA,NA,1,1,1,1,1,0,0,0,0,0,0,0,1,0,0,0,1,0,1,1,NA,NA,NA,NA,0,0,0,0
S07-STJ1,chil,0,1,0,0,NA,NA,NA,NA,0,0,0,0,1,0,1,1,1,0,0,NA,0,0,0,0,0,0,0,0,NA,NA,NA,NA,1,1,1,1
S08-WGL1,chil,1,0,0,0,NA,NA,NA,NA,0,0,0,0,1,1,0,NA,NA,0,0,0,0,0,0,0,0,0,1,0,NA,NA,NA,NA,NA,NA,NA,NA
S08-WGL3,chil,NA,NA,NA,NA,NA,NA,NA,NA,NA,NA,NA,NA,NA,NA,NA,NA,NA,NA,NA,NA,NA,NA,NA,NA,NA,NA,NA,NA,NA,NA,NA,NA,0,0,0,0
S09-KTP1,chil,1,1,1,0,NA,NA,NA,NA,NA,1,1,1,1,0,1,1,1,0,1,1,1,1,1,1,1,1,1,1,NA,NA,NA,NA,0,0,0,0
S09-SMC1,chil,0,0,0,0,NA,NA,NA,NA,0,0,0,0,0,0,1,1,0,0,0,0,0,1,1,1,1,1,1,1,NA,NA,NA,NA,1,0,0,1
S09-VTW0,chil,0,0,0,0,NA,NA,NA,NA,1,0,0,0,1,0,0,1,0,0,0,0,1,1,0,0,NA,NA,NA,NA,NA,NA,NA,NA,0,0,0,0
S10-ILC1,chil,0,0,0,0,NA,NA,NA,NA,1,1,1,1,1,0,1,1,0,0,0,0,1,1,1,0,0,0,0,0,NA,NA,NA,NA,1,NA,NA,0
S10-LEW1,chil,1,1,1,1,NA,NA,NA,NA,0,1,0,0,0,0,0,0,0,0,0,0,NA,NA,NA,NA,0,0,1,0,NA,NA,NA,NA,0,0,0,0
S10-LPC1,chil,0,1,0,0,NA,NA,NA,NA,1,0,1,1,0,0,0,0,0,0,0,0,0,0,0,0,0,0,0,1,NA,NA,NA,NA,0,0,0,0
S10-LPP0,chil,0,1,0,0,NA,NA,NA,NA,0,1,1,0,0,1,0,0,0,0,0,0,0,1,1,1,0,1,1,0,NA,NA,NA,NA,0,0,0,0
E01-CHE1,deco,1,1,1,1,1,1,1,1,1,1,1,1,NA,NA,NA,NA,NA,NA,NA,NA,NA,NA,NA,NA,NA,NA,NA,NA,NA,NA,NA,NA,NA,NA,NA,NA
E01-CON1,deco,1,1,1,1,1,1,1,1,1,1,1,0,NA,NA,NA,NA,NA,NA,NA,NA,NA,NA,NA,NA,NA,NA,NA,NA,NA,NA,NA,NA,NA,NA,NA,NA
E01-CPE1,deco,0,0,1,1,1,1,1,1,1,1,1,0,NA,NA,NA,NA,NA,NA,NA,NA,NA,NA,NA,NA,NA,NA,NA,NA,NA,NA,NA,NA,NA,NA,NA,NA
E01-CPW1,deco,1,1,1,1,1,1,1,1,1,1,1,1,NA,NA,NA,NA,NA,NA,NA,NA,NA,NA,NA,NA,NA,NA,NA,NA,NA,NA,NA,NA,NA,NA,NA,NA
E01-SGP1,deco,1,1,1,1,1,1,1,1,1,1,1,0,NA,NA,NA,NA,NA,NA,NA,NA,NA,NA,NA,NA,NA,NA,NA,NA,NA,NA,NA,NA,NA,NA,NA,NA
E02-FTP1,deco,1,1,1,1,1,1,1,1,1,1,1,1,NA,NA,NA,NA,NA,NA,NA,NA,NA,NA,NA,NA,NA,NA,NA,NA,NA,NA,NA,NA,0,1,1,1
E02-LIN1,deco,0,1,1,1,1,1,1,1,0,0,1,1,NA,NA,NA,NA,NA,NA,NA,NA,NA,NA,NA,NA,NA,NA,NA,NA,NA,NA,NA,NA,1,0,1,1
E02-MCN1,deco,0,0,0,0,1,1,1,1,0,1,0,0,NA,NA,NA,NA,NA,NA,NA,NA,NA,NA,NA,NA,NA,NA,NA,NA,NA,NA,NA,NA,0,1,1,1
E02-MON1,deco,1,1,1,1,1,1,1,1,NA,NA,NA,NA,NA,NA,NA,NA,NA,NA,NA,NA,NA,NA,NA,NA,NA,NA,NA,NA,NA,NA,NA,NA,1,1,1,1
E02-VER1,deco,1,1,1,1,1,1,1,1,NA,NA,NA,NA,NA,NA,NA,NA,NA,NA,NA,NA,NA,NA,NA,NA,NA,NA,NA,NA,NA,NA,NA,NA,0,1,1,0
E03-CWP1,deco,0,0,0,0,0,1,1,1,1,1,1,1,NA,NA,NA,NA,NA,NA,NA,NA,NA,NA,NA,NA,NA,NA,NA,NA,NA,NA,NA,NA,NA,0,0,0
E03-DMP1,deco,NA,NA,NA,NA,1,1,1,1,1,1,1,0,NA,NA,NA,NA,NA,NA,NA,NA,NA,NA,NA,NA,NA,NA,NA,NA,NA,NA,NA,NA,1,0,0,1
E03-GEN1,deco,0,0,0,0,1,1,1,1,1,0,1,1,NA,NA,NA,NA,NA,NA,NA,NA,NA,NA,NA,NA,NA,NA,NA,NA,NA,NA,NA,NA,1,1,1,1
E03-SAC1,deco,0,0,0,0,0,0,0,0,0,0,0,0,NA,NA,NA,NA,NA,NA,NA,NA,NA,NA,NA,NA,NA,NA,NA,NA,NA,NA,NA,NA,0,0,0,0
E03-SPG1,deco,1,1,1,1,1,1,1,1,NA,NA,NA,NA,NA,NA,NA,NA,NA,NA,NA,NA,NA,NA,NA,NA,NA,NA,NA,NA,NA,NA,NA,NA,NA,NA,NA,NA
E04-APM1,deco,0,1,1,1,1,1,1,1,1,1,1,1,NA,NA,NA,NA,NA,NA,NA,NA,NA,NA,NA,NA,NA,NA,NA,NA,NA,NA,NA,NA,1,0,0,1
E04-SCR1,deco,1,1,0,0,1,0,1,1,0,1,1,1,NA,NA,NA,NA,NA,NA,NA,NA,NA,NA,NA,NA,NA,NA,NA,NA,NA,NA,NA,NA,NA,NA,NA,NA
E04-SKE1,deco,NA,NA,NA,NA,1,1,1,1,1,1,1,1,NA,NA,NA,NA,NA,NA,NA,NA,NA,NA,NA,NA,NA,NA,NA,NA,NA,NA,NA,NA,NA,NA,NA,NA
E04-SKW1,deco,0,1,1,1,1,1,1,1,1,0,1,1,NA,NA,NA,NA,NA,NA,NA,NA,NA,NA,NA,NA,NA,NA,NA,NA,NA,NA,NA,NA,0,1,1,1
E04-TER1,deco,1,1,1,1,1,1,0,0,NA,NA,NA,NA,NA,NA,NA,NA,NA,NA,NA,NA,NA,NA,NA,NA,NA,NA,NA,NA,NA,NA,NA,NA,1,1,1,1
W01-BAR1,deco,NA,NA,NA,NA,0,1,1,1,NA,NA,NA,NA,NA,NA,NA,NA,NA,NA,NA,NA,NA,NA,NA,NA,NA,NA,NA,NA,NA,NA,NA,NA,NA,NA,NA,NA
W01-GCP1,deco,0,0,1,0,1,0,1,1,1,0,0,0,NA,NA,NA,NA,NA,NA,NA,NA,NA,NA,NA,NA,NA,NA,NA,NA,NA,NA,NA,NA,NA,NA,NA,NA
W01-LIP1,deco,1,1,1,1,1,1,1,1,1,1,1,1,NA,NA,NA,NA,NA,NA,NA,NA,NA,NA,NA,NA,NA,NA,NA,NA,NA,NA,NA,NA,NA,NA,NA,NA
W01-MAR1,deco,NA,NA,NA,NA,1,1,1,NA,1,1,0,1,NA,NA,NA,NA,NA,NA,NA,NA,NA,NA,NA,NA,NA,NA,NA,NA,NA,NA,NA,NA,NA,NA,NA,NA
W01-SLP1,deco,NA,NA,NA,NA,1,1,1,1,1,1,1,1,NA,NA,NA,NA,NA,NA,NA,NA,NA,NA,NA,NA,NA,NA,NA,NA,NA,NA,NA,NA,NA,1,NA,NA
W02-CHP1,deco,0,0,0,0,1,0,0,0,0,0,1,0,NA,NA,NA,NA,NA,NA,NA,NA,NA,NA,NA,NA,NA,NA,NA,NA,NA,NA,NA,NA,NA,NA,NA,NA
W02-HOL1,deco,1,1,1,1,1,1,0,0,0,0,0,0,NA,NA,NA,NA,NA,NA,NA,NA,NA,NA,NA,NA,NA,NA,NA,NA,NA,NA,NA,NA,NA,NA,NA,NA
W02-MOR1,deco,1,1,1,1,1,1,1,1,1,1,1,1,NA,NA,NA,NA,NA,NA,NA,NA,NA,NA,NA,NA,NA,NA,NA,NA,NA,NA,NA,NA,NA,NA,NA,NA
W02-SUN1,deco,1,1,1,1,NA,NA,NA,NA,1,1,1,1,NA,NA,NA,NA,NA,NA,NA,NA,NA,NA,NA,NA,NA,NA,NA,NA,NA,NA,NA,NA,NA,NA,NA,NA
W02-WBP1,deco,1,0,1,1,NA,NA,NA,NA,1,1,1,0,NA,NA,NA,NA,NA,NA,NA,NA,NA,NA,NA,NA,NA,NA,NA,NA,NA,NA,NA,NA,NA,NA,NA,NA
W03-CPP1,deco,0,0,1,1,0,1,0,0,1,1,1,1,NA,NA,NA,NA,NA,NA,NA,NA,NA,NA,NA,NA,NA,NA,NA,NA,NA,NA,NA,NA,NA,NA,NA,NA
W03-DAN1,deco,1,1,1,1,0,0,0,0,1,1,1,0,NA,NA,NA,NA,NA,NA,NA,NA,NA,NA,NA,NA,NA,NA,NA,NA,NA,NA,NA,NA,NA,NA,NA,NA
W03-GRA1,deco,0,1,0,0,1,0,1,1,NA,NA,NA,NA,NA,NA,NA,NA,NA,NA,NA,NA,NA,NA,NA,NA,NA,NA,NA,NA,NA,NA,NA,NA,NA,NA,NA,NA
W03-MGP1,deco,0,0,0,0,0,1,1,1,NA,NA,NA,NA,NA,NA,NA,NA,NA,NA,NA,NA,NA,NA,NA,NA,NA,NA,NA,NA,NA,NA,NA,NA,NA,NA,NA,NA
W04-APE1,deco,0,0,0,0,0,1,1,1,0,0,0,0,NA,NA,NA,NA,NA,NA,NA,NA,NA,NA,NA,NA,NA,NA,NA,NA,NA,NA,NA,NA,0,0,0,0
W04-PVP1,deco,0,0,0,0,0,0,0,0,0,0,0,0,NA,NA,NA,NA,NA,NA,NA,NA,NA,NA,NA,NA,NA,NA,NA,NA,NA,NA,NA,NA,0,0,0,0
W04-STM1,deco,0,0,0,0,0,0,0,0,1,0,0,1,NA,NA,NA,NA,NA,NA,NA,NA,NA,NA,NA,NA,NA,NA,NA,NA,NA,NA,NA,NA,0,0,0,0
W04-WES1,deco,0,0,0,0,0,0,0,0,0,0,0,0,NA,NA,NA,NA,NA,NA,NA,NA,NA,NA,NA,NA,NA,NA,NA,NA,NA,NA,NA,NA,NA,NA,NA,NA
W04-WSP1,deco,0,0,0,0,1,1,1,0,1,1,0,0,NA,NA,NA,NA,NA,NA,NA,NA,NA,NA,NA,NA,NA,NA,NA,NA,NA,NA,NA,NA,NA,NA,NA,NA
M01-PRG1,inin,NA,NA,NA,NA,NA,NA,NA,NA,1,0,0,1,0,1,1,1,1,1,0,0,1,1,1,1,1,1,1,1,1,1,1,1,1,1,1,1
M02-BCF1,inin,1,1,1,1,1,1,1,1,0,0,0,0,1,1,1,1,1,1,1,0,1,1,1,1,1,1,1,1,1,1,1,1,1,0,1,1
M02-OBP1,inin,1,1,1,1,0,0,0,0,0,0,0,0,0,1,1,1,0,0,0,0,1,1,1,1,1,1,1,1,1,0,1,1,1,0,0,0
M02-SBP2,inin,NA,NA,NA,NA,1,1,1,1,1,1,1,1,1,1,1,1,NA,NA,NA,NA,1,1,1,1,1,1,1,1,NA,1,1,1,0,0,0,0
M03-FCP1,inin,NA,NA,NA,NA,1,1,1,1,1,1,0,0,1,1,1,1,0,0,0,0,1,1,1,1,1,1,1,1,1,1,0,NA,0,0,0,0
M03-GWP1,inin,NA,NA,NA,NA,0,0,1,1,0,0,0,0,0,0,0,0,0,0,0,0,0,0,0,0,0,0,0,0,NA,NA,NA,NA,NA,NA,NA,NA
M03-ISD1,inin,NA,NA,NA,NA,0,1,1,1,1,1,1,1,1,1,1,1,1,0,0,0,1,1,1,1,1,1,1,1,1,1,1,1,1,1,1,1
M04-BAS1,inin,NA,NA,NA,NA,1,1,0,0,0,0,0,0,1,1,1,1,0,0,0,0,1,1,1,1,1,1,0,0,1,1,1,1,0,0,0,0
M04-FRP1,inin,NA,NA,NA,NA,0,0,0,0,1,0,0,0,1,1,1,1,0,1,1,0,1,1,1,1,1,1,1,1,1,1,0,0,0,0,0,0
M04-MAP1,inin,NA,NA,1,1,NA,NA,NA,NA,NA,1,1,1,1,1,1,1,0,0,0,0,1,1,0,0,1,1,1,1,1,1,1,1,NA,NA,NA,NA
M05-ISB2,inin,1,1,1,1,NA,NA,NA,NA,1,1,0,0,1,1,1,1,0,1,0,0,1,1,1,1,1,1,1,1,NA,NA,NA,NA,0,0,1,1
M05-SGC1,inin,1,1,NA,1,1,1,1,1,NA,NA,NA,NA,1,1,1,1,1,0,0,0,1,1,1,1,NA,NA,NA,NA,NA,NA,NA,NA,1,1,1,1
M06-MCP1,inin,1,1,NA,NA,1,1,1,1,1,1,0,1,1,0,1,1,1,1,1,1,1,1,1,1,1,1,1,1,NA,NA,NA,NA,1,1,0,1
M06-PGC1,inin,1,NA,NA,NA,0,1,1,1,1,0,0,1,1,1,1,1,1,0,0,0,0,1,1,1,1,1,1,1,NA,NA,NA,NA,1,0,1,1
M07-CAC1,inin,1,1,1,1,1,1,NA,NA,0,0,1,1,1,1,1,1,0,0,0,0,0,1,0,0,NA,NA,NA,NA,NA,NA,NA,NA,1,0,0,0
M07-CCT1,inin,1,1,1,1,1,1,1,1,0,0,1,1,1,1,1,1,1,0,0,0,1,1,1,1,1,1,1,1,NA,NA,NA,NA,1,1,0,1
M07-WFD1,inin,1,1,NA,1,0,1,1,1,1,0,0,0,0,0,1,1,1,0,1,1,NA,0,0,1,1,1,0,0,NA,NA,NA,NA,1,1,1,1
M08-FTP1,inin,1,1,1,1,1,1,1,1,1,1,1,1,1,1,1,1,0,0,0,0,1,1,1,1,1,1,1,1,NA,NA,NA,NA,0,1,0,1
M08-MMT2,inin,1,NA,NA,NA,1,1,1,1,0,0,0,1,1,0,1,1,0,0,0,0,1,1,1,1,1,1,1,1,NA,NA,NA,NA,0,0,0,0
M08-WGP1,inin,NA,NA,NA,NA,0,0,0,0,0,0,0,0,0,0,0,0,0,0,0,0,1,0,0,0,0,0,0,0,NA,NA,NA,NA,0,0,0,0
W01-GFP3,inin,1,1,1,1,1,0,1,1,NA,NA,NA,NA,1,1,1,1,1,1,1,0,1,1,1,1,1,1,1,1,0,1,0,1,1,1,1,1
W01-HCC1,inin,NA,NA,NA,1,0,0,0,0,0,0,0,0,1,1,1,1,1,0,0,0,1,1,1,1,1,1,1,1,NA,NA,NA,NA,NA,NA,NA,NA
W01-WRG1,inin,1,1,1,1,0,0,0,0,0,0,0,0,0,1,0,0,0,1,0,0,1,1,1,1,NA,NA,NA,NA,NA,NA,NA,NA,NA,NA,NA,NA
W02-CRS2,inin,1,1,1,1,1,1,1,1,1,1,0,0,0,1,0,0,1,1,1,0,1,1,1,1,1,1,1,NA,NA,NA,NA,NA,0,0,0,1
W02-EMP1,inin,NA,1,NA,NA,0,0,1,1,0,1,1,1,0,1,0,0,NA,1,0,0,0,0,0,0,0,0,1,1,0,0,0,0,0,0,0,0
W02-IZO3,inin,1,1,1,1,1,1,1,1,1,1,NA,NA,1,1,1,1,1,1,0,0,1,1,1,1,NA,NA,NA,NA,1,1,1,1,1,1,1,1
W03-CHC1,inin,1,1,1,1,0,1,1,1,0,1,1,1,1,1,1,1,1,1,1,0,1,1,1,1,1,1,1,NA,1,1,1,1,0,0,0,0
W03-MEL1,inin,1,1,1,1,0,0,0,0,1,1,0,0,1,1,1,1,0,0,0,0,1,1,1,1,NA,NA,NA,NA,1,1,1,1,NA,0,0,0
W03-RGC1,inin,NA,NA,NA,NA,1,1,1,1,1,0,1,1,1,1,1,1,NA,NA,NA,NA,1,1,1,1,NA,NA,NA,NA,0,0,0,0,0,0,1,1
W04-JSP1,inin,1,1,1,1,1,0,0,0,1,0,0,0,1,0,1,1,0,0,0,0,1,1,1,1,1,1,1,1,1,1,1,1,1,1,1,1
W04-ROW1,inin,1,1,1,1,1,1,1,1,0,1,1,1,1,1,0,0,0,1,0,0,1,1,1,1,1,1,1,1,1,1,1,NA,1,1,1,1
W04-WPC1,inin,1,NA,NA,1,1,1,1,1,1,1,0,0,1,1,1,1,1,1,1,0,1,1,1,1,1,1,1,1,1,1,1,1,1,1,1,1
W05-CPE1,inin,1,NA,1,NA,1,1,1,1,1,1,1,1,1,1,1,1,1,0,0,1,1,1,1,1,1,1,1,1,1,1,1,1,0,0,0,1
W05-IHS1,inin,1,1,1,1,1,1,1,1,0,0,0,0,1,1,1,1,1,0,1,0,1,1,1,1,NA,NA,NA,NA,1,1,1,1,1,1,1,1
W06-CNP1,inin,1,NA,1,1,1,1,1,1,1,1,1,1,1,1,1,1,0,0,1,1,1,1,1,1,NA,NA,NA,NA,1,1,0,1,0,0,0,0
W06-UHS1,inin,NA,NA,NA,NA,1,1,0,0,0,0,0,0,1,0,1,1,NA,NA,NA,NA,NA,NA,NA,NA,NA,NA,NA,NA,NA,NA,NA,NA,NA,NA,NA,NA
W07-INA1,inin,NA,NA,NA,NA,1,1,1,1,1,1,1,1,1,1,1,1,0,0,1,1,1,1,1,1,NA,NA,NA,NA,1,1,1,1,0,0,0,0
W07-UES2,inin,1,1,1,1,1,1,1,1,1,1,1,1,1,1,1,1,0,0,0,0,0,0,1,1,0,0,0,0,0,0,0,0,0,0,0,0
W07-WAF1,inin,NA,NA,NA,NA,1,1,1,1,1,1,1,1,1,1,1,1,0,0,0,1,0,0,1,1,1,1,1,1,1,1,1,1,0,0,0,0
W08-NST3,inin,NA,NA,NA,NA,0,0,0,0,0,0,0,0,0,0,0,0,0,0,0,0,0,0,0,0,0,0,0,0,0,0,0,0,0,0,0,0
W08-ROS1,inin,1,1,1,1,1,1,1,1,1,1,1,1,1,1,1,1,0,0,0,1,1,1,1,1,1,0,1,1,NA,NA,NA,NA,NA,NA,NA,NA
A01-RES1,ioio,0,0,1,1,NA,NA,NA,NA,1,0,0,0,0,0,0,1,0,1,1,0,0,0,0,1,0,0,0,0,1,1,1,1,0,0,0,0
A01-WMA1,ioio,0,1,0,1,1,1,1,1,1,1,0,1,0,0,1,1,1,0,0,0,1,1,1,1,1,1,1,1,1,1,1,1,0,0,0,0
A01-WMA2,ioio,0,0,0,0,1,1,1,0,0,0,0,0,NA,NA,NA,NA,0,0,0,0,1,0,0,1,1,0,0,0,0,1,1,1,0,0,0,0
A01-WMA3,ioio,1,1,0,0,1,1,1,1,NA,NA,NA,NA,1,1,1,1,1,0,0,0,1,1,1,1,1,1,1,0,NA,NA,NA,NA,0,1,1,0
A02-FUH1,ioio,0,0,0,0,1,0,1,1,1,0,1,1,0,0,0,0,0,0,0,0,0,0,0,0,0,0,0,0,0,0,0,0,0,0,0,0
A02-MET1,ioio,1,1,1,1,1,1,NA,NA,1,0,0,0,0,0,1,1,NA,NA,NA,NA,1,1,0,0,0,1,1,1,1,1,1,1,NA,NA,NA,NA
A02-RES2,ioio,0,1,1,1,1,1,1,1,0,1,0,0,1,0,0,1,0,0,0,0,1,1,0,1,1,1,0,0,1,0,1,1,0,0,0,0
A02-WMA4,ioio,0,0,1,1,1,1,1,1,1,0,0,0,0,0,0,1,0,1,0,0,1,1,1,1,1,1,0,1,1,1,0,0,0,0,0,0
A03-CNA1,ioio,0,0,0,0,0,0,0,0,0,0,0,0,0,0,0,0,0,0,0,0,0,0,0,0,0,0,0,0,0,0,0,0,0,0,0,0
A03-JOY1,ioio,0,0,0,0,0,0,0,1,0,0,0,0,0,0,0,0,0,0,0,0,0,0,0,0,0,0,0,0,0,0,0,0,0,0,0,0
A03-YSC1,ioio,0,0,0,0,0,0,0,0,0,0,0,0,0,0,0,0,0,0,0,0,0,0,0,0,0,0,0,0,0,0,0,0,0,0,0,0
A04-AUB1,ioio,0,1,0,1,1,1,1,1,1,0,1,1,NA,NA,1,1,0,0,0,0,0,1,1,1,1,1,1,1,0,0,0,0,0,NA,NA,NA
A04-DOV1,ioio,0,0,0,0,0,0,0,0,NA,NA,NA,NA,0,0,0,0,0,0,0,0,1,0,0,0,0,0,0,0,0,0,0,0,0,0,0,0
A04-PEN1,ioio,0,1,1,1,1,1,1,1,1,1,0,0,1,1,1,1,1,0,1,1,1,1,1,1,1,1,0,0,1,1,1,1,0,0,0,0
A04-WAT1,ioio,0,0,0,0,1,1,1,1,1,1,0,0,1,0,1,0,0,0,0,0,1,0,1,1,1,0,1,1,0,0,0,1,0,0,0,0
A05-BEN1,ioio,0,0,0,0,0,0,0,0,0,0,0,0,0,0,0,0,0,0,0,0,0,0,0,0,0,0,0,0,0,0,0,0,0,0,0,0
A05-CRE1,ioio,0,0,0,0,0,0,0,0,NA,NA,NA,NA,NA,NA,NA,NA,0,0,0,0,0,0,0,0,0,0,0,0,0,0,0,0,0,0,0,0
A05-SAN1,ioio,0,0,0,0,0,0,0,0,0,0,0,0,0,0,1,1,0,0,0,0,0,0,0,0,0,0,0,0,0,0,0,0,0,0,0,0
A05-SHI1,ioio,1,1,1,1,1,1,1,1,1,1,1,0,1,1,1,1,0,0,0,0,1,1,1,1,1,0,0,0,1,1,1,1,0,0,0,0
A06-SHP1,ioio,0,0,0,0,0,0,0,0,0,0,0,0,0,0,0,0,0,0,0,0,0,0,0,0,0,0,0,0,0,0,0,0,0,0,0,0
A06-SYC1,ioio,0,0,0,0,0,0,NA,0,0,0,0,0,0,0,0,0,0,0,0,0,0,0,0,0,0,0,0,0,NA,NA,NA,NA,0,0,0,0
A06-SYC2,ioio,0,0,0,0,0,0,0,0,0,0,0,0,0,0,0,0,0,0,0,0,0,0,0,0,0,0,0,0,0,0,0,0,0,0,0,0
A06-TTB1,ioio,0,0,0,0,0,0,0,0,0,0,0,0,0,0,0,0,0,0,0,0,0,0,0,0,0,0,0,0,0,0,0,0,0,0,0,0
A07-CCG1,ioio,1,0,1,1,1,0,0,0,1,1,0,0,1,1,1,1,1,0,1,1,NA,NA,1,0,1,1,1,1,1,0,1,NA,NA,NA,NA,NA
A07-CBT1,ioio,0,0,0,0,0,0,0,0,0,0,0,0,0,0,0,0,0,0,0,0,0,0,0,0,NA,NA,0,0,0,0,0,0,0,0,0,0
A07-CCG2,ioio,1,1,0,1,1,1,0,1,1,1,0,0,0,0,1,0,0,0,0,0,1,1,1,1,1,0,0,1,1,1,1,1,0,0,0,0
A07-UIO1,ioio,0,0,0,0,NA,NA,NA,NA,1,1,0,0,0,1,1,1,0,0,0,0,1,0,0,1,0,0,0,0,0,0,1,1,0,0,1,1
A08-PET1,ioio,0,0,0,0,1,1,1,1,1,0,0,1,0,0,1,1,0,0,0,0,1,1,0,1,0,0,0,0,0,1,0,0,0,0,0,0
A08-RES3,ioio,0,0,0,1,0,0,0,0,NA,NA,NA,NA,0,0,0,0,0,0,0,0,0,0,0,0,0,0,0,0,0,0,0,0,0,0,0,0
A08-RES4,ioio,0,0,0,0,0,0,0,0,0,0,0,0,1,0,0,0,0,0,0,0,0,0,1,1,0,1,0,0,1,0,1,0,0,0,0,0
A08-TCP1,ioio,NA,NA,NA,NA,1,1,1,1,1,1,0,0,1,1,1,1,0,0,0,0,1,1,1,1,0,1,1,1,1,0,0,1,0,0,0,0
A09-HRP1,ioio,NA,NA,0,0,0,0,0,0,0,0,0,0,0,0,0,0,0,0,0,0,0,0,0,0,NA,NA,NA,NA,0,0,0,0,0,0,0,0
A09-KEN1,ioio,0,0,0,0,0,0,0,0,0,0,0,0,0,0,0,0,0,0,0,0,0,0,0,0,0,0,0,0,0,0,0,0,0,0,0,0
A09-TOK1,ioio,0,0,0,0,0,0,0,0,NA,NA,NA,NA,0,0,NA,NA,0,0,0,0,0,0,0,0,0,0,0,0,0,0,0,0,0,0,0,0
A09-WCP1,ioio,0,0,0,0,0,0,0,0,NA,NA,NA,NA,0,0,0,0,0,0,0,0,0,0,0,0,0,0,0,0,0,0,0,0,NA,0,0,0
A10-ACT1,ioio,0,0,0,1,1,1,1,1,1,1,1,0,1,1,0,NA,0,0,0,0,1,1,1,1,0,0,0,1,0,1,1,0,0,0,1,1
A10-GIL1,ioio,0,0,0,0,0,0,1,0,1,0,0,0,0,0,0,0,0,0,0,0,0,0,0,0,0,0,0,1,0,0,0,0,0,0,0,0
A10-HHP1,ioio,0,0,1,1,1,1,1,1,0,1,1,0,1,1,1,1,0,0,0,0,1,1,1,1,0,0,1,1,1,0,1,1,0,0,0,0
A10-HPR1,ioio,0,0,0,0,NA,NA,NA,NA,NA,NA,NA,NA,0,1,0,0,0,0,0,0,0,0,0,0,1,0,1,1,1,0,0,1,0,0,0,0
MAWI-M01-AMF1,mawi,0,0,0,0,0,0,0,0,NA,NA,NA,NA,NA,NA,0,0,0,0,0,0,0,0,0,0,NA,NA,NA,NA,NA,NA,NA,NA,NA,NA,NA,NA
MAWI-M01-BRT1,mawi,NA,NA,NA,NA,NA,NA,NA,NA,NA,NA,NA,NA,NA,0,0,0,0,0,0,0,NA,0,0,0,NA,NA,NA,NA,NA,NA,NA,NA,NA,NA,NA,NA
MAWI-M01-BRT2,mawi,0,0,0,0,0,0,0,0,NA,NA,NA,NA,NA,NA,NA,NA,0,0,0,0,0,0,0,0,NA,NA,NA,NA,NA,NA,NA,NA,NA,NA,NA,NA
MAWI-M01-BRT3,mawi,0,0,0,NA,0,0,0,0,NA,NA,NA,NA,NA,NA,NA,NA,0,0,0,0,0,0,0,0,NA,NA,NA,NA,NA,NA,NA,NA,NA,NA,NA,NA
MAWI-M01-CCT2,mawi,0,0,0,0,0,0,0,NA,NA,NA,NA,NA,NA,NA,NA,NA,0,0,0,NA,0,0,0,0,NA,NA,NA,NA,NA,NA,NA,NA,NA,NA,NA,NA
MAWI-M01-CCT3,mawi,NA,0,NA,NA,NA,NA,0,0,NA,NA,NA,NA,NA,NA,NA,NA,0,0,0,NA,NA,0,0,0,NA,NA,NA,NA,NA,NA,NA,NA,NA,NA,NA,NA
MAWI-M01-CCT4,mawi,NA,NA,NA,NA,0,0,0,0,NA,NA,NA,NA,NA,NA,NA,NA,0,0,0,NA,NA,0,0,0,NA,NA,NA,NA,NA,NA,NA,NA,NA,NA,NA,NA
MAWI-M01-POR1,mawi,NA,NA,NA,NA,0,0,NA,NA,NA,NA,NA,NA,0,0,0,0,0,0,0,0,0,0,0,0,NA,NA,NA,NA,NA,NA,NA,NA,NA,NA,NA,NA
MAWI-M01-POR2,mawi,NA,NA,NA,NA,NA,NA,NA,NA,NA,NA,NA,NA,NA,NA,0,0,0,0,0,0,NA,NA,0,0,NA,NA,NA,NA,NA,NA,NA,NA,NA,NA,NA,NA
MAWI-M01-RDP1,mawi,0,0,0,0,NA,0,0,0,NA,NA,NA,NA,0,0,0,NA,0,0,0,0,0,0,0,0,NA,NA,NA,NA,NA,NA,NA,NA,NA,NA,NA,NA
MAWI-M01-STC1,mawi,NA,NA,NA,NA,0,0,0,NA,NA,NA,NA,NA,0,0,0,NA,0,0,0,0,NA,0,0,0,NA,NA,NA,NA,NA,NA,NA,NA,NA,NA,NA,NA
MAWI-M01-STC3,mawi,0,NA,NA,NA,0,0,0,0,NA,NA,NA,NA,NA,NA,NA,NA,0,0,0,0,NA,0,0,0,NA,NA,NA,NA,NA,NA,NA,NA,NA,NA,NA,NA
MAWI-M01-SWC1,mawi,NA,NA,0,0,NA,0,0,0,NA,NA,NA,NA,0,0,0,0,0,0,0,0,NA,0,0,0,NA,NA,NA,NA,NA,NA,NA,NA,NA,NA,NA,NA
MAWI-M01-SWC2,mawi,NA,NA,NA,NA,NA,NA,NA,NA,NA,NA,NA,NA,0,0,0,0,0,0,0,0,0,0,0,0,NA,NA,NA,NA,NA,NA,NA,NA,NA,NA,NA,NA
MAWI-M01-SWC3,mawi,NA,NA,NA,NA,0,0,0,0,NA,NA,NA,NA,0,0,0,0,0,0,0,0,NA,0,0,0,NA,NA,NA,NA,NA,NA,NA,NA,NA,NA,NA,NA
MAWI-M01-SWC4,mawi,NA,NA,0,0,0,0,0,0,NA,NA,NA,NA,0,0,0,0,0,0,0,0,NA,NA,NA,NA,NA,NA,NA,NA,NA,NA,NA,NA,NA,NA,NA,NA
MAWI-M01-SWC5,mawi,NA,NA,NA,0,0,0,0,0,NA,NA,NA,NA,0,0,0,0,0,0,0,0,NA,NA,NA,NA,NA,NA,NA,NA,NA,NA,NA,NA,NA,NA,NA,NA
MAWI-M01-SWC6,mawi,NA,NA,NA,NA,0,NA,0,0,NA,NA,NA,NA,NA,0,0,0,0,0,0,0,0,0,0,0,NA,NA,NA,NA,NA,NA,NA,NA,NA,NA,NA,NA
MAWI-M01-SWC7,mawi,NA,0,0,NA,NA,NA,NA,NA,NA,NA,NA,NA,NA,NA,NA,NA,0,0,0,0,NA,0,0,0,NA,NA,NA,NA,NA,NA,NA,NA,NA,NA,NA,NA
MAWI-M01-SWC8,mawi,NA,NA,NA,NA,0,0,NA,0,NA,NA,NA,NA,0,0,0,0,0,0,0,0,NA,0,0,0,NA,NA,NA,NA,NA,NA,NA,NA,NA,NA,NA,NA
MAWI-M01-SWC9,mawi,0,0,0,NA,0,0,0,0,NA,NA,NA,NA,NA,0,0,0,0,0,0,0,NA,0,0,0,NA,NA,NA,NA,NA,NA,NA,NA,NA,NA,NA,NA
MAWI-M01-UWH1,mawi,NA,NA,0,0,NA,0,0,0,NA,NA,NA,NA,0,0,0,NA,0,0,0,0,NA,0,0,0,NA,NA,NA,NA,NA,NA,NA,NA,NA,NA,NA,NA
CalT01,mela,0,0,0,0,0,0,0,0,0,0,0,0,0,0,0,0,0,0,0,0,0,0,0,0,0,0,0,0,0,0,0,0,NA,NA,NA,NA
CalT02,mela,0,0,0,0,0,0,0,0,0,0,0,0,0,0,0,0,0,0,0,0,0,0,0,0,0,0,0,0,0,0,1,1,0,0,NA,NA
ED02,mela,0,0,0,0,0,0,0,0,0,0,0,0,0,0,0,0,0,0,0,0,0,0,0,0,0,0,0,0,0,0,0,0,0,0,0,0
ED03,mela,0,0,0,0,0,0,0,0,0,0,0,0,0,0,0,0,0,0,0,0,0,0,0,0,0,0,0,0,0,0,0,0,0,0,0,0
ED04,mela,0,0,0,0,0,0,0,0,0,0,0,0,0,0,0,0,0,0,0,0,0,0,0,0,0,0,1,1,NA,0,0,0,NA,NA,NA,NA
ED05,mela,0,0,0,0,0,0,0,0,0,0,0,0,0,0,0,0,0,0,0,0,0,0,0,0,0,0,0,0,0,0,0,0,0,0,0,0
ED06,mela,0,0,0,0,0,0,0,0,0,0,0,0,0,0,0,0,0,0,0,0,0,0,0,0,0,0,0,0,NA,NA,NA,0,0,0,0,0
ED07,mela,0,0,0,0,0,0,0,0,0,0,0,0,0,0,0,0,0,0,0,0,NA,NA,0,0,0,0,0,0,0,0,0,0,0,0,NA,NA
ED08,mela,0,0,0,0,0,0,0,0,0,0,0,0,0,0,0,0,0,0,0,0,NA,NA,0,0,0,0,0,0,0,0,0,0,NA,NA,NA,NA
IRC01,mela,NA,NA,NA,NA,0,0,0,NA,0,0,0,0,NA,NA,0,0,0,0,NA,NA,NA,NA,0,0,0,0,0,0,0,0,0,0,NA,NA,0,
IRC02,mela,NA,NA,NA,NA,0,0,0,0,0,0,0,0,0,0,0,0,0,0,0,NA,0,0,0,0,0,0,0,0,0,0,0,0,0,0,NA,0
IRC03,mela,NA,NA,NA,NA,0,0,0,0,0,0,NA,0,0,0,0,0,0,0,0,NA,NA,0,0,0,0,0,0,0,0,0,0,0,NA,NA,NA,0
IRC04,mela,NA,NA,NA,NA,0,0,0,0,0,0,0,0,NA,0,0,0,0,0,0,0,0,0,0,0,0,0,0,0,0,0,0,0,0,0,0,0
IRC05,mela,NA,NA,NA,NA,0,0,0,0,,0,0,0,0,0,0,0,0,0,0,0,0,0,0,0,0,0,0,0,0,0,0,0,NA,0,0,0
IRC06,mela,NA,NA,NA,NA,0,0,0,0,0,0,0,0,0,0,0,NA,0,0,0,0,0,0,0,0,NA,NA,0,0,0,0,0,0,0,0,0,0
IRC07,mela,NA,NA,NA,NA,NA,NA,NA,NA,0,0,0,0,0,0,0,NA,0,0,0,0,0,1,0,0,0,0,0,0,0,0,0,0,0,0,0,0
OCP01,mela,NA,NA,0,0,0,0,0,0,0,0,0,0,0,0,0,0,0,0,0,0,0,0,0,0,0,0,0,0,0,0,NA,0,0,0,NA,NA
OCP02,mela,NA,0,0,0,0,NA,0,0,0,0,0,0,0,0,0,0,0,0,0,0,0,0,0,0,0,0,0,0,0,0,0,0,0,NA,NA,NA
OCP03,mela,0,0,0,0,0,0,0,0,0,NA,NA,0,0,NA,NA,0,0,0,0,0,0,0,0,0,0,0,0,0,NA,NA,0,0,0,0,0,0
PW01,mela,0,0,0,0,0,0,1,1,0,1,0,0,0,0,0,0,0,0,0,0,0,0,0,0,0,0,0,0,0,0,0,0,0,0,0,0
SA,mela,NA,NA,NA,NA,0,0,0,0,0,0,NA,NA,0,0,0,0,NA,NA,NA,NA,0,0,0,0,0,0,0,NA,NA,NA,NA,NA,NA,NA,NA,NA
SemR01,mela,NA,0,0,0,0,0,0,0,0,0,0,0,0,0,0,0,0,0,0,0,0,0,0,0,NA,NA,0,0,0,0,0,0,0,0,0,0
H01-AST1,mela,NA,NA,NA,NA,NA,NA,NA,NA,NA,NA,NA,NA,NA,NA,NA,NA,0,0,0,0,0,0,0,0,0,0,0,0,0,0,0,0,0,0,0,0
H01-BEA2,mela,NA,NA,NA,NA,NA,NA,NA,NA,NA,NA,NA,NA,NA,NA,NA,NA,NA,NA,NA,NA,NA,NA,NA,NA,0,0,0,0,0,0,0,0,0,0,0,0
H01-BGC1,mela,NA,NA,NA,NA,NA,NA,NA,NA,NA,NA,NA,NA,NA,NA,NA,NA,NA,NA,NA,NA,NA,NA,NA,NA,0,0,0,0,0,0,0,0,0,0,0,0
H01-CCH1,mela,NA,NA,NA,NA,0,0,0,0,NA,0,0,0,0,0,0,0,0,0,0,0,0,0,0,0,0,0,0,1,NA,0,0,0,0,0,0,0
H01-FIR1,mela,NA,NA,NA,NA,0,0,0,0,NA,NA,NA,NA,NA,NA,NA,NA,NA,NA,NA,NA,NA,NA,NA,NA,0,0,0,0,0,0,0,0,NA,NA,NA,NA
H01-FLN1,mela,NA,NA,NA,NA,NA,NA,NA,NA,NA,NA,NA,NA,NA,NA,NA,NA,0,0,NA,NA,NA,NA,NA,NA,NA,NA,NA,NA,NA,NA,NA,NA,NA,NA,NA,NA
H01-FRE1,mela,NA,NA,NA,NA,NA,NA,NA,NA,0,0,0,0,0,0,0,0,0,NA,0,0,0,0,0,0,NA,NA,NA,NA,NA,NA,NA,NA,NA,NA,NA,NA
H01-GAT1,mela,NA,NA,NA,NA,NA,NA,NA,NA,0,0,0,0,0,0,0,0,0,0,0,0,NA,NA,NA,NA,NA,NA,NA,NA,NA,NA,NA,NA,NA,NA,NA,NA
H01-GSC1,mela,NA,NA,NA,NA,0,0,0,0,0,0,0,0,0,0,0,0,0,0,0,0,0,0,0,0,0,0,0,0,NA,NA,NA,NA,NA,NA,NA,NA
H01-HFR1,mela,NA,NA,NA,NA,0,0,0,0,0,0,0,0,NA,NA,0,0,0,0,0,0,0,0,0,0,0,0,0,0,0,0,0,0,0,0,0,0
H01-HIC1,mela,NA,NA,NA,NA,0,1,1,0,NA,NA,NA,NA,NA,NA,NA,NA,NA,NA,NA,NA,NA,NA,NA,NA,NA,NA,NA,NA,NA,NA,NA,NA,NA,NA,NA,NA
H01-HNP1,mela,NA,NA,NA,NA,NA,NA,NA,NA,NA,NA,NA,NA,NA,NA,NA,NA,NA,NA,NA,NA,NA,NA,NA,NA,0,0,0,0,0,1,0,0,0,0,0,0
H01-LTC1,mela,NA,NA,NA,NA,NA,NA,NA,NA,NA,NA,NA,NA,NA,NA,NA,NA,NA,NA,NA,NA,NA,NA,NA,NA,0,0,0,0,0,0,0,0,0,0,0,0
H01-OCC1,mela,NA,NA,NA,NA,0,0,0,0,0,1,1,0,0,0,NA,NA,0,0,0,0,0,0,0,0,0,0,0,0,NA,NA,NA,NA,0,1,0,0
H01-RHR1,mela,NA,NA,NA,NA,0,0,0,NA,NA,NA,NA,NA,NA,NA,NA,NA,NA,NA,NA,NA,NA,NA,NA,NA,0,0,0,0,0,0,0,0,0,0,0,0
H01-ROS1,mela,NA,NA,NA,NA,NA,NA,NA,NA,NA,NA,NA,NA,NA,NA,NA,NA,0,0,0,0,1,0,0,0,0,0,0,0,0,0,0,0,0,0,0,0
H01-SPS1,mela,NA,NA,NA,NA,NA,NA,NA,NA,NA,NA,NA,NA,NA,NA,NA,NA,0,0,0,0,NA,0,0,0,0,0,0,0,0,0,0,0,0,0,0,0
H01-TMC1,mela,NA,NA,NA,NA,NA,NA,NA,NA,NA,NA,NA,NA,0,0,0,1,0,0,0,0,0,0,0,0,0,0,0,0,0,0,0,0,0,0,0,0
H01-WAV1,mela,NA,NA,NA,NA,NA,NA,NA,NA,NA,NA,NA,NA,NA,NA,NA,NA,NA,NA,NA,NA,NA,NA,NA,NA,0,0,0,0,0,0,0,0,NA,NA,NA,NA
H01-WTP1,mela,NA,NA,NA,NA,NA,NA,NA,NA,NA,NA,NA,NA,NA,NA,NA,NA,NA,NA,NA,NA,NA,NA,NA,NA,0,0,0,0,0,0,0,0,NA,NA,NA,NA
H01-WWD1,mela,NA,NA,NA,NA,NA,NA,NA,NA,NA,NA,0,0,0,0,0,0,0,NA,0,0,0,0,0,0,0,0,0,0,0,0,0,0,NA,0,0,0
C01-SNP1,rony,NA,NA,NA,NA,0,0,0,NA,0,0,0,0,0,0,0,0,NA,0,0,0,NA,NA,NA,NA,0,0,0,0,NA,NA,NA,0,0,0,0,0
C01-TPP1,rony,NA,NA,NA,NA,0,0,0,NA,0,0,0,0,0,0,0,0,NA,0,0,0,NA,NA,0,0,0,0,0,0,NA,NA,NA,0,0,0,0,0
C01-TPP2,rony,NA,NA,NA,NA,0,0,0,NA,0,0,0,0,0,0,0,0,NA,0,0,0,NA,NA,0,0,NA,NA,NA,NA,NA,NA,NA,NA,0,0,0,0
C02-MWP1,rony,NA,NA,NA,NA,NA,NA,NA,NA,0,0,0,0,0,0,0,0,NA,0,0,0,NA,NA,0,0,0,0,0,0,NA,NA,NA,0,0,0,0,0
C02-SNP2,rony,NA,NA,NA,NA,0,0,0,NA,0,0,0,0,0,0,0,0,NA,0,0,0,NA,NA,0,0,0,0,0,0,NA,NA,NA,0,0,0,0,0
L01-BBP1,rony,NA,NA,NA,NA,0,0,0,NA,0,0,0,0,0,0,0,0,NA,NA,NA,NA,NA,NA,0,0,0,0,0,0,NA,NA,NA,0,0,0,0,0
L01-RWA1,rony,NA,NA,NA,NA,0,0,0,NA,NA,NA,NA,NA,0,0,0,0,NA,NA,NA,NA,NA,NA,0,0,0,0,0,0,NA,NA,NA,0,0,0,0,0
L02- BPP1,rony,NA,NA,NA,NA,0,0,0,NA,0,0,0,0,0,0,0,0,NA,0,0,0,NA,NA,0,0,0,0,0,0,NA,NA,NA,0,0,0,0,0
L03-BRP1,rony,NA,NA,NA,NA,NA,NA,NA,NA,0,0,0,0,0,0,0,0,NA,NA,NA,NA,NA,NA,0,0,0,0,0,0,NA,NA,NA,0,0,0,0,0
L03-OBP1,rony,NA,NA,NA,NA,0,0,0,NA,0,0,0,0,0,0,0,0,NA,0,0,0,NA,NA,0,0,NA,NA,NA,NA,NA,NA,NA,0,0,0,0,0
L04-DEB1,rony,NA,NA,NA,NA,0,0,0,NA,0,0,0,0,0,0,0,0,NA,NA,NA,NA,NA,NA,0,0,0,0,0,0,NA,NA,NA,0,0,0,0,0
L04-DEP1,rony,NA,NA,NA,NA,0,0,NA,NA,0,0,0,0,0,0,0,0,NA,0,0,NA,NA,NA,0,0,NA,NA,NA,NA,NA,NA,NA,NA,NA,NA,NA,NA
L04-DEP2,rony,NA,NA,NA,NA,0,0,0,NA,0,0,0,0,0,0,0,0,NA,0,0,0,NA,NA,0,0,NA,NA,NA,NA,NA,NA,NA,NA,0,0,0,0
S01-BSP1,rony,NA,NA,NA,NA,NA,NA,NA,NA,0,0,0,0,0,0,0,0,NA,0,0,0,NA,NA,0,0,NA,NA,NA,NA,NA,NA,NA,0,NA,NA,NA,NA
S01-GGP1,rony,NA,NA,NA,NA,NA,NA,NA,NA,0,0,0,0,0,0,0,0,NA,0,0,0,NA,NA,0,0,0,0,0,0,NA,NA,NA,NA,NA,NA,NA,NA
S01-HFP1,rony,NA,NA,NA,NA,0,0,0,NA,NA,NA,NA,NA,0,0,0,0,NA,0,0,0,NA,NA,0,0,0,0,0,0,NA,NA,NA,0,0,0,0,NA
S01-HLP1,rony,NA,NA,NA,NA,0,0,0,NA,0,0,0,0,NA,NA,NA,NA,NA,0,0,0,NA,NA,0,0,0,0,0,0,NA,NA,NA,0,0,0,0,0
S01-MHC1,rony,NA,NA,NA,NA,0,0,0,NA,0,0,0,0,0,0,0,0,NA,0,0,0,NA,NA,0,0,0,0,0,0,NA,NA,NA,0,0,0,0,0
S02-GVP1,rony,NA,NA,NA,NA,NA,NA,NA,NA,0,0,0,0,0,0,0,0,NA,0,0,0,NA,NA,0,0,0,0,0,0,NA,NA,NA,0,0,0,0,0
S02-GVP2,rony,NA,NA,NA,NA,0,0,0,NA,0,0,0,0,0,0,0,0,NA,0,0,0,NA,NA,0,0,0,0,0,0,NA,NA,NA,NA,NA,NA,NA,NA
S03-BDP1,rony,NA,NA,NA,NA,0,0,0,NA,0,0,0,0,0,0,0,0,NA,0,0,0,NA,NA,0,0,0,0,0,0,NA,NA,NA,NA,NA,NA,NA,NA
S03-RIT1,rony,NA,NA,NA,NA,0,0,0,NA,0,0,0,0,0,0,0,0,NA,0,0,0,NA,NA,0,0,0,0,0,0,NA,NA,NA,NA,NA,NA,NA,NA
S03-RIT2,rony,NA,NA,NA,NA,0,0,0,NA,0,0,0,0,0,0,0,0,NA,0,0,0,NA,NA,NA,NA,0,0,0,0,NA,NA,NA,NA,NA,NA,NA,NA
MAR,wide,0,0,0,0,0,0,0,0,0,0,0,0,0,0,0,0,0,0,0,0,0,0,0,0,0,0,0,0,0,0,0,0,0,0,0,0
DEC,wide,0,0,0,0,0,0,0,0,0,0,0,0,0,0,0,0,0,0,0,0,0,0,0,0,0,0,0,0,0,0,0,0,0,0,0,0
ASP,wide,0,0,0,0,0,0,0,0,NA,NA,NA,NA,0,0,0,0,0,0,0,0,NA,NA,NA,NA,NA,NA,NA,NA,NA,NA,NA,NA,NA,NA,NA,NA
BCP,wide,NA,NA,NA,NA,NA,NA,NA,NA,NA,NA,NA,NA,NA,NA,NA,NA,NA,NA,NA,NA,NA,NA,NA,NA,NA,NA,NA,NA,0,0,NA,NA,0,0,0,0
BKP,wide,0,0,0,0,0,0,0,0,0,0,0,0,0,0,0,0,0,0,0,0,0,0,0,0,0,0,0,0,0,0,0,0,0,0,0,0
BNP,wide,0,0,0,0,0,0,0,0,0,0,0,0,0,0,0,0,NA,NA,NA,NA,NA,NA,NA,NA,NA,NA,NA,NA,0,0,0,0,0,0,0,0
BNP3,wide,NA,NA,NA,NA,NA,NA,NA,NA,NA,NA,NA,NA,NA,NA,NA,NA,0,0,0,0,0,0,0,0,0,0,0,0,0,0,NA,NA,NA,NA,NA,NA
BRG,wide,0,0,0,0,0,0,0,0,0,0,0,0,0,0,0,0,0,0,0,0,0,0,0,0,NA,NA,NA,NA,NA,NA,NA,NA,NA,NA,NA,NA
CBP2,wide,0,0,0,0,0,0,0,0,0,0,0,0,0,0,0,NA,0,0,0,0,0,0,0,0,0,0,0,0,0,0,0,0,0,0,0,0
CMP,wide,0,0,0,0,0,0,0,0,0,0,0,0,0,0,0,0,0,0,0,0,0,NA,NA,0,0,0,0,0,0,0,0,0,0,0,0,0
CWP,wide,0,0,0,0,0,0,0,0,0,0,0,0,0,0,0,0,0,0,0,NA,0,0,0,0,0,0,0,0,0,0,0,0,0,0,0,0
FLW,wide,0,0,0,0,0,0,0,0,0,0,0,0,0,0,0,0,0,0,0,0,0,0,0,0,0,0,0,0,NA,NA,NA,NA,NA,NA,NA,NA
FZS,wide,0,0,0,NA,0,0,0,0,0,0,0,0,0,0,0,0,0,0,0,0,NA,NA,NA,NA,0,0,0,0,0,0,0,0,0,0,0,0
GLP,wide,NA,NA,NA,NA,NA,NA,NA,NA,NA,NA,NA,NA,0,0,0,0,0,0,0,0,0,0,0,0,0,0,0,0,NA,NA,NA,NA,NA,NA,NA,NA
JSC,wide,0,0,0,0,0,0,0,0,0,0,0,0,0,0,0,0,0,0,0,0,0,0,0,0,0,0,0,0,0,0,0,0,0,0,0,0
LMC,wide,0,0,0,0,0,0,0,0,0,NA,NA,NA,0,0,0,0,0,0,0,0,NA,0,0,0,0,0,0,0,0,0,0,0,0,0,0,0
LMR2,wide,0,0,0,0,0,0,0,0,0,0,0,0,0,0,0,0,0,0,0,0,0,0,0,0,0,0,0,0,0,0,0,0,0,0,0,0
MRP,wide,0,0,0,0,0,0,0,0,0,0,0,0,0,0,0,0,0,0,0,0,0,0,0,0,0,0,0,0,0,0,0,0,0,0,0,0
RPL3,wide,0,0,0,0,0,0,0,0,0,0,0,0,0,0,0,0,0,0,0,0,0,0,0,0,0,0,0,0,0,0,0,0,NA,NA,NA,NA
RPW,wide,0,0,0,0,0,0,0,0,0,0,0,0,0,0,0,0,0,0,0,0,0,0,0,NA,0,0,0,0,0,0,0,0,0,0,0,0
RVC,wide,0,0,0,0,0,0,0,0,0,0,0,0,0,0,0,0,NA,NA,NA,NA,0,0,0,0,0,0,0,0,0,0,0,0,0,0,0,0
SBP,wide,0,0,0,0,0,0,0,0,0,0,0,0,0,0,0,0,0,0,0,0,0,0,0,0,0,0,0,0,0,0,0,0,0,0,0,0
SLP,wide,0,0,0,0,0,0,0,0,0,0,0,0,0,0,0,0,0,0,0,0,0,0,0,0,0,0,0,0,0,0,0,0,0,0,0,0
SMP,wide,0,0,0,0,0,0,0,0,0,0,0,0,0,0,0,0,0,0,0,0,0,0,0,0,0,0,0,0,0,0,0,0,0,0,0,0
SSL2,wide,0,0,0,0,0,0,0,0,0,0,0,0,0,0,0,0,0,0,0,0,0,0,0,0,0,0,0,0,0,0,0,0,0,0,0,0
SSL3,wide,NA,NA,NA,NA,NA,NA,NA,NA,NA,NA,NA,NA,NA,NA,NA,NA,NA,NA,NA,NA,NA,NA,NA,NA,NA,NA,NA,NA,0,0,0,0,0,0,0,0
WBC,wide,0,0,0,0,0,0,0,0,0,0,0,0,0,0,0,0,0,0,0,0,0,0,0,0,0,0,0,0,0,0,0,0,0,0,0,0
WIDE-A08-GLP1,wide,0,0,0,0,0,0,0,0,0,0,0,0,NA,NA,NA,NA,NA,NA,NA,NA,NA,NA,NA,NA,NA,NA,NA,NA,NA,NA,NA,NA,NA,NA,NA,NA
WIN2,wide,NA,NA,NA,NA,NA,NA,NA,NA,NA,NA,NA,NA,NA,NA,NA,NA,0,0,0,0,0,0,0,0,0,0,0,0,0,0,0,0,0,0,NA,NA